{
    "transcript": "Top five unethical ways to make money part one",
    "words": [
        {
            "word": "top",
            "startSec": 0.3199999928474426,
            "endSec": 0.5120000243186951,
            "confidence": 0.927035391330719
        },
        {
            "word": "five",
            "startSec": 0.6399999856948853,
            "endSec": 0.8320000171661377,
            "confidence": 0.9539503455162048
        },
        {
            "word": "unethical",
            "startSec": 0.9279999732971191,
            "endSec": 1.3760000467300415,
            "confidence": 0.7635904550552368
        }
    ]
}